{"initial_reset_timestamp": 1983.495561303, "timestamps": [1985.957812378, 1987.091111552, 1987.37478896, 1987.624747695, 1987.908346187, 1988.291294286, 1988.624592979, 1988.875162826, 1989.3909859, 1989.708498491, 1989.974329456, 1990.241444689, 1990.491292086, 1990.775083475, 1990.991801128, 1991.308307556, 1991.608847457, 1991.875155292, 1992.108572175, 1992.291582327, 1992.49133013, 1992.74191177, 1992.991683521, 1993.25888116, 1993.508871841, 1993.80889576, 1994.108753496, 1994.674881555, 1995.058808928, 1995.375527205, 1995.707908135, 1995.958370385, 1996.175480902, 1996.44179355, 1996.758330322, 1997.091779891, 1997.425101859, 1997.657966366, 1997.908738292, 1998.191717086, 1998.475021677, 1998.775400617, 1999.02504615, 1999.341222214, 2000.008693241, 2000.358677285, 2000.641817223, 2000.908715901, 2001.291159354, 2001.608323451, 2001.907924807, 2002.191206657, 2002.391198083, 2002.658408167, 2002.891262085, 2003.141691914, 2003.474659646, 2003.775161438, 2004.108479408, 2004.391494407, 2004.708493561, 2004.9751504, 2005.441884512, 2005.674756663, 2006.308197234, 2006.625132654, 2006.858371885, 2007.158550801, 2007.391678223, 2007.641666117, 2007.925007924, 2008.308032019, 2008.575172768, 2008.908084597, 2009.17525451, 2009.441771088, 2009.775199279, 2009.975126619, 2010.191876041, 2010.458505429, 2010.72553661, 2011.058535125, 2011.27522403, 2011.508501675, 2011.875117948, 2012.141778278, 2012.358491306, 2012.67510052, 2012.891805858, 2013.208825737, 2013.442283857, 2013.725246774, 2014.725166673, 2014.941756312, 2015.224915156, 2015.591364285, 2015.841868394, 2016.174795666, 2016.408634919, 2016.64234262, 2016.874514986, 2017.07552269, 2017.342289411, 2017.675304561, 2017.908524974, 2018.225201906, 2018.458419548, 2018.79192452, 2019.092129882, 2019.32505765, 2019.641731362, 2019.942326668, 2020.209002462, 2020.45863547, 2020.791430643, 2021.008861642, 2021.392039816, 2021.709096851, 2022.20912453, 2022.525187442, 2022.825315349, 2023.058568305, 2023.342366575, 2023.624853385, 2023.841921956, 2024.608307236, 2025.208746177, 2025.425307955, 2025.642053601, 2026.225327544, 2026.508052606, 2026.741966107, 2027.058464647, 2027.29191237, 2027.607963984, 2027.958345581, 2028.191700337, 2028.458335811, 2029.075021095, 2029.325010065, 2029.591638757, 2029.825102734, 2030.175400715, 2030.441762656, 2030.725097829, 2030.958491049, 2031.175087562, 2031.391821626, 2031.675078043, 2031.925005368, 2032.17501118, 2032.575153127, 2033.125461003, 2033.374990465, 2033.89219199, 2034.208333851, 2034.658644852, 2035.00839471, 2035.275703431, 2035.474974574, 2035.774995117, 2036.024749628, 2036.241462582, 2036.657987874, 2036.891628995, 2037.175003714, 2037.45800416, 2037.808187556, 2038.025090775, 2038.291982752, 2038.641800233, 2038.875513117, 2039.091847967, 2039.375512009, 2039.725224533, 2040.025149231, 2040.342186919, 2040.591816428, 2040.85907455, 2041.07551905, 2041.458852344, 2041.75887113, 2042.092156575, 2042.791396741, 2043.108512016, 2043.341807913, 2043.691839467, 2044.058875642, 2044.291842121, 2044.525526213, 2045.109056863, 2045.34221745, 2045.675191831, 2045.941900679, 2046.158476992, 2046.44183373, 2046.674720536, 2047.158543032, 2047.741747197, 2048.442148378], "episode_lengths": [53, 24, 11, 11, 13, 19, 13, 11, 11, 13, 12, 13, 11, 13, 11, 14, 13, 12, 12, 9, 10, 13, 13, 12, 11, 14, 14, 12, 15, 14, 15, 13, 9, 12, 15, 16, 15, 10, 12, 13, 14, 14, 11, 15, 36, 17, 13, 12, 19, 17, 13, 15, 10, 14, 12, 13, 16, 15, 16, 13, 15, 12, 23, 9, 15, 13, 10, 14, 9, 10, 13, 15, 12, 15, 12, 12, 16, 8, 9, 12, 12, 16, 9, 10, 18, 14, 9, 14, 9, 15, 10, 13, 56, 9, 13, 16, 11, 16, 10, 10, 9, 8, 12, 16, 10, 15, 9, 16, 14, 9, 14, 13, 11, 10, 16, 8, 16, 15, 26, 15, 13, 10, 13, 13, 9, 18, 30, 8, 9, 30, 12, 9, 14, 9, 15, 14, 9, 12, 32, 10, 11, 9, 16, 11, 12, 9, 9, 9, 12, 10, 10, 19, 28, 10, 26, 11, 23, 18, 14, 10, 14, 10, 11, 23, 12, 12, 12, 17, 9, 12, 16, 9, 8, 13, 17, 13, 12, 10, 12, 9, 18, 14, 15, 38, 15, 10, 17, 17, 10, 10, 31, 10, 16, 12, 9, 13, 10, 22, 31, 38], "episode_rewards": [53.0, 24.0, 11.0, 11.0, 13.0, 19.0, 13.0, 11.0, 11.0, 13.0, 12.0, 13.0, 11.0, 13.0, 11.0, 14.0, 13.0, 12.0, 12.0, 9.0, 10.0, 13.0, 13.0, 12.0, 11.0, 14.0, 14.0, 12.0, 15.0, 14.0, 15.0, 13.0, 9.0, 12.0, 15.0, 16.0, 15.0, 10.0, 12.0, 13.0, 14.0, 14.0, 11.0, 15.0, 36.0, 17.0, 13.0, 12.0, 19.0, 17.0, 13.0, 15.0, 10.0, 14.0, 12.0, 13.0, 16.0, 15.0, 16.0, 13.0, 15.0, 12.0, 23.0, 9.0, 15.0, 13.0, 10.0, 14.0, 9.0, 10.0, 13.0, 15.0, 12.0, 15.0, 12.0, 12.0, 16.0, 8.0, 9.0, 12.0, 12.0, 16.0, 9.0, 10.0, 18.0, 14.0, 9.0, 14.0, 9.0, 15.0, 10.0, 13.0, 56.0, 9.0, 13.0, 16.0, 11.0, 16.0, 10.0, 10.0, 9.0, 8.0, 12.0, 16.0, 10.0, 15.0, 9.0, 16.0, 14.0, 9.0, 14.0, 13.0, 11.0, 10.0, 16.0, 8.0, 16.0, 15.0, 26.0, 15.0, 13.0, 10.0, 13.0, 13.0, 9.0, 18.0, 30.0, 8.0, 9.0, 30.0, 12.0, 9.0, 14.0, 9.0, 15.0, 14.0, 9.0, 12.0, 32.0, 10.0, 11.0, 9.0, 16.0, 11.0, 12.0, 9.0, 9.0, 9.0, 12.0, 10.0, 10.0, 19.0, 28.0, 10.0, 26.0, 11.0, 23.0, 18.0, 14.0, 10.0, 14.0, 10.0, 11.0, 23.0, 12.0, 12.0, 12.0, 17.0, 9.0, 12.0, 16.0, 9.0, 8.0, 13.0, 17.0, 13.0, 12.0, 10.0, 12.0, 9.0, 18.0, 14.0, 15.0, 38.0, 15.0, 10.0, 17.0, 17.0, 10.0, 10.0, 31.0, 10.0, 16.0, 12.0, 9.0, 13.0, 10.0, 22.0, 31.0, 38.0], "episode_types": ["t", "t", "t", "t", "t", "t", "t", "t", "t", "t", "t", "t", "t", "t", "t", "t", "t", "t", "t", "t", "t", "t", "t", "t", "t", "t", "t", "t", "t", "t", "t", "t", "t", "t", "t", "t", "t", "t", "t", "t", "t", "t", "t", "t", "t", "t", "t", "t", "t", "t", "t", "t", "t", "t", "t", "t", "t", "t", "t", "t", "t", "t", "t", "t", "t", "t", "t", "t", "t", "t", "t", "t", "t", "t", "t", "t", "t", "t", "t", "t", "t", "t", "t", "t", "t", "t", "t", "t", "t", "t", "t", "t", "t", "t", "t", "t", "t", "t", "t", "t", "t", "t", "t", "t", "t", "t", "t", "t", "t", "t", "t", "t", "t", "t", "t", "t", "t", "t", "t", "t", "t", "t", "t", "t", "t", "t", "t", "t", "t", "t", "t", "t", "t", "t", "t", "t", "t", "t", "t", "t", "t", "t", "t", "t", "t", "t", "t", "t", "t", "t", "t", "t", "t", "t", "t", "t", "t", "t", "t", "t", "t", "t", "t", "t", "t", "t", "t", "t", "t", "t", "t", "t", "t", "t", "t", "t", "t", "t", "t", "t", "t", "t", "t", "t", "t", "t", "t", "t", "t", "t", "t", "t", "t", "t", "t", "t", "t", "t", "t", "t"]}